"PC Name","No","Type","State","Winning Candidate","Party","Electors","Votes","Turnout","Margin","Margin %"
Adilabad,1,ST,Telangana,Godam Nagesh,Telangana Rashtra Samithi,1386233,1045839,75.4 %,171290,16.4%
Agra,18,SC,Uttar Pradesh [2000 Onwards],Dr. Ram Shankar Katheria,Bharatiya Janta Party,1814739,1070400,59.0 %,300263,28.1%
Ahmadnagar,37,GEN,Maharashtra,Gandhi Dilipkumar Mansukhlal,Bharatiya Janta Party,1699408,1062318,62.5 %,209122,19.7%
Ahmedabad East,7,GEN,Gujarat,Paresh Rawal,Bharatiya Janta Party,1601832,985525,61.5 %,326633,33.1%
Ahmedabad West,8,SC,Gujarat,Dr. Kirit P Solanki,Bharatiya Janta Party,1534400,964609,62.9 %,320311,33.2%
Ajmer,13,GEN,Rajasthan,Sanwar Lal Jat,Bharatiya Janta Party,1683292,1156314,68.7 %,171983,14.9%
Akbarpur,44,GEN,Uttar Pradesh [2000 Onwards],Devendra Singh @ Bhole Singh,Bharatiya Janta Party,1768623,971375,54.9 %,278997,28.7%
Akola,6,GEN,Maharashtra,Dhotre Sanjay Shamrao,Bharatiya Janta Party,1646463,978491,59.4 %,203116,20.8%
Alappuzha,15,GEN,Kerala,K C Venugopal,Indian National Congress,1271324,997464,78.5 %,19407,1.9%
Alathur,9,SC,Kerala,P.K.Biju,Communist Party Of India (MARXIST),1216351,927228,76.2 %,37312,4.0%
Aligarh,15,GEN,Uttar Pradesh [2000 Onwards],Satish Kumar,Bharatiya Janta Party,1793126,1064357,59.4 %,286736,26.9%
Alipurduars,2,ST,West Bengal,Dasrath Tirkey,All India Trinamool Congress,1470911,1223566,83.2 %,21397,1.7%
Allahabad,52,GEN,Uttar Pradesh [2000 Onwards],Shyama Charan Gupta,Bharatiya Janta Party,1666569,891582,53.5 %,62009,7.0%
Almora,3,SC,Uttarakhand,Ajay Tamta,Bharatiya Janta Party,1254328,656525,52.3 %,95690,14.6%
Alwar,8,GEN,Rajasthan,Chand Nath,Bharatiya Janta Party,1628067,1062305,65.3 %,283895,26.7%
Amalapuram,24,SC,Andhra Pradesh [2014 Onwards],Dr Pandula Ravindra Babu,Telugu Desam,1357866,1120927,82.6 %,120576,10.8%
Ambala,1,SC,Haryana,Rattan Lal Kataria,Bharatiya Janta Party,1692227,1218995,72.0 %,340074,27.9%
Ambedkar Nagar,55,GEN,Uttar Pradesh [2000 Onwards],Hari Om Pandey,Bharatiya Janta Party,1718774,1034404,60.2 %,139429,13.5%
Amethi,37,GEN,Uttar Pradesh [2000 Onwards],Rahul Gandhi,Indian National Congress,1669843,874625,52.4 %,107903,12.3%
Amravati,7,SC,Maharashtra,Adsul Anandrao Vithoba,Shiv Sena,1611365,1004061,62.3 %,137932,13.7%
Amreli,14,GEN,Gujarat,Kachhadiya Naranbhai Bhikhabhai,Bharatiya Janta Party,1486286,808816,54.4 %,156232,19.3%
Amritsar,2,GEN,Punjab,Captain Amarinder Singh,Indian National Congress,1477262,1007196,68.2 %,102770,10.2%
Amroha,9,GEN,Uttar Pradesh [2000 Onwards],Kanwar Singh Tanwar,Bharatiya Janta Party,1544242,1095860,71.0 %,158214,14.4%
Anakapalli,22,GEN,Andhra Pradesh [2014 Onwards],Muttamsetti Srinivasa Rao (AVANTHI),Telugu Desam,1401474,1148072,81.9 %,47932,4.2%
Anand,16,GEN,Gujarat,Dilip Patel,Bharatiya Janta Party,1496859,970894,64.9 %,63426,6.5%
Anandpur Sahib,6,GEN,Punjab,Prem Singh Chandumajra,Shiromani Akali Dal,1564721,1086563,69.4 %,23697,2.2%
Anantapur,36,GEN,Andhra Pradesh [2014 Onwards],J.C. Divakar Reddi,Telugu Desam,1536912,1205054,78.4 %,61269,5.1%
Anantnag,3,GEN,Jammu & Kashmir,Mehbooba Mufti,Jammu & Kashmir Peoples Democratic Party,1301023,375279,28.8 %,65417,17.4%
Andaman And Nicobar Islands,1,GEN,Andaman & Nicobar Islands,Bishnu Pada Ray,Bharatiya Janta Party,269360,190328,70.7 %,7812,4.1%
Aonla,24,GEN,Uttar Pradesh [2000 Onwards],Dharmendra Kumar,Bharatiya Janta Party,1653577,995641,60.2 %,138429,13.9%
Arakkonam,7,GEN,Tamil Nadu,Hari G.,All India Anna Dravida Munnetra Kazhagam,1401545,1089052,77.7 %,240766,22.1%
Arambagh,29,SC,West Bengal,Aparupa Poddar (AFRIN ALI),All India Trinamool Congress,1600293,1361934,85.1 %,346845,25.5%
Arani,12,GEN,Tamil Nadu,V.Elumalai,All India Anna Dravida Munnetra Kazhagam,1369668,1096046,80.0 %,243844,22.2%
Araria,9,GEN,Bihar [2000 Onwards],Tasleem Uddin,Rashtriya Janata Dal,1587348,975811,61.5 %,146504,15.0%
Arrah,32,GEN,Bihar [2000 Onwards],Raj Kumar Singh,Bharatiya Janta Party,1832332,893213,48.8 %,135870,15.2%
Aruku,18,ST,Andhra Pradesh [2014 Onwards],Kothapalli Geetha,Yuvajana Sramika Rythu Congress Party,1272724,909614,71.5 %,91398,10.0%
Arunachal East,2,GEN,Arunachal Pradesh,Ninong Ering,Indian National Congress,312872,261291,83.5 %,12478,4.8%
Arunachal West,1,GEN,Arunachal Pradesh,Kiren Rijiju,Bharatiya Janta Party,446515,335665,75.2 %,41738,12.4%
Asansol,40,GEN,West Bengal,Babul Supriya Baral (BABUL SUPRIYO),Bharatiya Janta Party,1469684,1142395,77.7 %,70480,6.2%
Aska,19,GEN,Orissa,Ladu Kishore Swain,Biju Janata Dal,1408780,896281,63.6 %,311997,34.8%
Attingal,19,GEN,Kerala,Dr.A .Sampath,Communist Party Of India (MARXIST),1251398,859350,68.7 %,69378,8.1%
Aurangabad,19,GEN,Maharashtra,Chandrakant Bhaurao Khaire,Shiv Sena,1589393,982933,61.8 %,162000,16.5%
Aurangabad,37,GEN,Bihar [2000 Onwards],Sushil Kumar Singh,Bharatiya Janta Party,1536153,786274,51.2 %,66347,8.4%
Autonomous District,3,ST,Assam,Biren Singh Engti,Indian National Congress,701890,543280,77.4 %,24095,4.4%
Azamgarh,69,GEN,Uttar Pradesh [2000 Onwards],Mulayam Singh Yadav,Samajwadi Party,1703222,960218,56.4 %,63204,6.6%
Badaun,23,GEN,Uttar Pradesh [2000 Onwards],Dharmendra Yadav,Samajwadi Party,1769145,1027594,58.1 %,166347,16.2%
Bagalkot,3,GEN,Karnataka,Gaddigoudar Parvtagouda Chandanagouda,Bharatiya Janta Party,1568620,1079310,68.8 %,116560,10.8%
Baghpat,11,GEN,Uttar Pradesh [2000 Onwards],Dr. Satya Pal Singh,Bharatiya Janta Party,1505175,1004263,66.7 %,209866,20.9%
Baharampur,10,GEN,West Bengal,Adhir Ranjan Chowdhury,Indian National Congress,1453783,1154587,79.4 %,356567,30.9%
Bahraich,56,SC,Uttar Pradesh [2000 Onwards],Sadhvi Savitri Bai Foole,Bharatiya Janta Party,1638645,934263,57.0 %,95645,10.2%
Balaghat,15,GEN,Madhya Pradesh [2000 Onwards],Bodhsingh Bhagat,Bharatiya Janta Party,1629769,1113364,68.3 %,96041,8.6%
Balasore,6,GEN,Orissa,Rabindra Kumar Jena,Biju Janata Dal,1366218,1049450,76.8 %,141825,13.5%
Ballia,72,GEN,Uttar Pradesh [2000 Onwards],Bharat Singh,Bharatiya Janta Party,1768271,942211,53.3 %,139434,14.8%
Balurghat,6,GEN,West Bengal,Arpita Ghosh,All India Trinamool Congress,1254497,1063053,84.7 %,106964,10.1%
Banaskantha,2,GEN,Gujarat,Chaudhary Haribhai Parthibhai,Bharatiya Janta Party,1515711,886634,58.5 %,202334,22.8%
Banda,48,GEN,Uttar Pradesh [2000 Onwards],Bhairon Prasad Mishra,Bharatiya Janta Party,1601917,858326,53.6 %,115788,13.5%
Bangalore Central,25,GEN,Karnataka,P.C. Mohan,Bharatiya Janta Party,1931663,1074589,55.6 %,137500,12.8%
Bangalore North,24,GEN,Karnataka,D.V Sadananda Gowda,Bharatiya Janta Party,2401472,1356718,56.5 %,229764,16.9%
Bangalore Rural,23,GEN,Karnataka,D K Suresh,Indian National Congress,2190397,1455244,66.4 %,231480,15.9%
Bangalore South,26,GEN,Karnataka,Ananth Kumar,Bharatiya Janta Party,1999882,1113726,55.7 %,228575,20.5%
Bangaon,14,SC,West Bengal,Kapil Krishna Thakur,All India Trinamool Congress,1540713,1283688,83.3 %,146601,11.4%
Banka,27,GEN,Bihar [2000 Onwards],Jai Prakash Narayan Yadav,Rashtriya Janata Dal,1549456,899353,58.0 %,10144,1.1%
Bankura,36,GEN,West Bengal,Sreemati Dev Varma (MOON MOON SEN),All India Trinamool Congress,1503812,1236319,82.2 %,98506,8.0%
Bansgaon,67,SC,Uttar Pradesh [2000 Onwards],Kamlesh Paswan,Bharatiya Janta Party,1760110,877877,49.9 %,189516,21.6%
Banswara,20,ST,Rajasthan,Manshankar Ninama,Bharatiya Janta Party,1692502,1171188,69.2 %,91916,7.8%
Bapatla,32,SC,Andhra Pradesh [2014 Onwards],Malyadri Sriram,Telugu Desam,1392965,1184634,85.0 %,32754,2.8%
Bara Banki,53,SC,Uttar Pradesh [2000 Onwards],Priyanka Singh Rawat,Bharatiya Janta Party,1721282,1068168,62.1 %,211878,19.8%
Baramati,35,GEN,Maharashtra,Supriya Sule,Nationalist Congress Party,1813543,1066556,58.8 %,69719,6.5%
Baramulla,1,GEN,Jammu & Kashmir,Muzaffar Hussain Baig,Jammu & Kashmir Peoples Democratic Party,1190745,465992,39.1 %,29219,6.3%
Barasat,17,GEN,West Bengal,Dr. Kakali Ghoshdostidar,All India Trinamool Congress,1512792,1269331,83.9 %,173141,13.6%
Bardhaman Purba,38,SC,West Bengal,Sunil Kumar Mondal,All India Trinamool Congress,1532244,1320922,86.2 %,114479,8.7%
Bardoli,23,ST,Gujarat,Vasava Parbhubhai Nagarbhai,Bharatiya Janta Party,1614106,1206179,74.7 %,123884,10.3%
Bareilly,25,GEN,Uttar Pradesh [2000 Onwards],Santosh Kumar Gangwar,Bharatiya Janta Party,1664081,1017891,61.2 %,240685,23.6%
Bargarh,1,GEN,Orissa,Prabhas Kumar Singh,Biju Janata Dal,1430717,1123301,78.5 %,11178,1.0%
Barmer,17,GEN,Rajasthan,Col. Sona Ram,Bharatiya Janta Party,1677582,1219119,72.7 %,87461,7.2%
Barpeta,6,GEN,Assam,Siraj Uddin Ajmal,All India United Democratic Front,1430175,1205863,84.3 %,42341,3.5%
Barrackpore,15,GEN,West Bengal,Dinesh Trivedi,All India Trinamool Congress,1287222,1051130,81.7 %,206773,19.7%
Basirhat,18,GEN,West Bengal,Idris Ali,All India Trinamool Congress,1490596,1273771,85.5 %,109659,8.6%
Bastar,10,ST,Chhattisgarh,Dinesh Kashyap,Bharatiya Janta Party,1298059,769913,59.3 %,124359,16.2%
Basti,61,GEN,Uttar Pradesh [2000 Onwards],Harish Chandra Alias Harish Dwivedi,Bharatiya Janta Party,1847613,1048534,56.8 %,33562,3.2%
Beed,39,GEN,Maharashtra,Munde Gopinathrao Pandurang,Bharatiya Janta Party,1792650,1232202,68.7 %,136454,11.1%
Begusarai,24,GEN,Bihar [2000 Onwards],Bhola Singh,Bharatiya Janta Party,1778759,1077855,60.6 %,58335,5.4%
Belgaum,2,GEN,Karnataka,Angadi Suresh Channabasappa,Bharatiya Janta Party,1581017,1078547,68.2 %,75860,7.0%
Bellary,9,ST,Karnataka,B. Sreeramulu,Bharatiya Janta Party,1487945,1045772,70.3 %,85144,8.1%
Berhampur,20,GEN,Orissa,Sidhant Mohapatra,Biju Janata Dal,1334268,905362,67.9 %,127720,14.1%
Betul,29,ST,Madhya Pradesh [2000 Onwards],Jyoti Dhurve,Bharatiya Janta Party,1607822,1047719,65.2 %,328614,31.4%
Bhadohi,78,GEN,Uttar Pradesh [2000 Onwards],Virendra Singh,Bharatiya Janta Party,1834598,981552,53.5 %,158039,16.1%
Bhadrak,7,SC,Orissa,Arjun Charan Sethi,Biju Janata Dal,1469498,1081339,73.6 %,179359,16.6%
Bhagalpur,26,GEN,Bihar [2000 Onwards],Shailesh Kumar Urph Bulo Mandal,Rashtriya Janata Dal,1685339,974016,57.8 %,9485,1.0%
Bhandara - Gondiya,11,GEN,Maharashtra,Nanabhau Falgunrao Patole,Bharatiya Janta Party,1656284,1197196,72.3 %,149254,12.5%
Bharatpur,9,SC,Rajasthan,Bahadur Singh,Bharatiya Janta Party,1686897,962432,57.1 %,245468,25.5%
Bharuch,22,GEN,Gujarat,Vasava Mansukhbhai Dhanjibhai,Bharatiya Janta Party,1417548,1060211,74.8 %,153273,14.5%
Bhatinda,11,GEN,Punjab,Harsimrat Kaur Badal,Shiromani Akali Dal,1525289,1176767,77.2 %,19395,1.6%
Bhavnagar,15,GEN,Gujarat,Dr. Bharatiben Dhirubhai Shiyal,Bharatiya Janta Party,1594531,917402,57.5 %,295488,32.2%
Bhilwara,23,GEN,Rajasthan,Subhash Baheria,Bharatiya Janta Party,1754877,1104090,62.9 %,246264,22.3%
Bhind,2,SC,Madhya Pradesh [2000 Onwards],Dr. Bhagirath Prasad,Bharatiya Janta Party,1598169,729084,45.6 %,159961,21.9%
Bhiwandi,23,GEN,Maharashtra,Kapil Moreshwar Patil,Bharatiya Janta Party,1696589,875605,51.6 %,109450,12.5%
Bhiwani-Mahendragarh,8,GEN,Haryana,Dharambir S/o Bhale Ram,Bharatiya Janta Party,1473912,1030431,69.9 %,129394,12.6%
Bhongir,14,GEN,Telangana,Dr. Boora Narsaiah Goud,Telangana Rashtra Samithi,1492251,1211943,81.2 %,30494,2.5%
Bhopal,19,GEN,Madhya Pradesh [2000 Onwards],Alok Sanjar,Bharatiya Janta Party,1956936,1130182,57.8 %,370696,32.8%
Bhubaneswar,18,GEN,Orissa,Prasanna Kumar Patasani,Biju Janata Dal,1527768,891822,58.4 %,189477,21.2%
Bidar,7,GEN,Karnataka,Bhagwanth Khuba,Bharatiya Janta Party,1600962,959384,59.9 %,92222,9.6%
Bijapur,4,SC,Karnataka,Ramesh Jigajinagi,Bharatiya Janta Party,1622635,966757,59.6 %,69819,7.2%
Bijnor,4,GEN,Uttar Pradesh [2000 Onwards],Kunwar Bhartendra,Bharatiya Janta Party,1562065,1060346,67.9 %,205774,19.4%
Bikaner,2,SC,Rajasthan,Arjun Ram Meghwal,Bharatiya Janta Party,1591068,929751,58.4 %,308079,33.1%
Bilaspur,5,GEN,Chhattisgarh,Lakhan Lal Sahu,Bharatiya Janta Party,1727325,1090457,63.1 %,176436,16.2%
Birbhum,42,GEN,West Bengal,Satabdi Roy,All India Trinamool Congress,1495108,1275819,85.3 %,67263,5.3%
Bishnupur,37,SC,West Bengal,Khan Saumitra,All India Trinamool Congress,1466921,1272070,86.7 %,149685,11.8%
Bolangir,10,GEN,Orissa,Kalikesh Narayan Singh Deo,Biju Janata Dal,1563025,1170405,74.9 %,104299,8.9%
Bolpur,41,SC,West Bengal,Anupam Hazra,All India Trinamool Congress,1538429,1304756,84.8 %,236112,18.1%
Bulandshahr,14,SC,Uttar Pradesh [2000 Onwards],Bhola Singh,Bharatiya Janta Party,1736447,1009710,58.2 %,421973,41.8%
Buldhana,5,GEN,Maharashtra,Jadhav Prataprao Ganpatrao,Shiv Sena,1596234,978626,61.3 %,159579,16.3%
Burdwan - Durgapur,39,GEN,West Bengal,Dr. Mamtaz Sanghamita,All India Trinamool Congress,1583498,1331242,84.1 %,107331,8.1%
Buxar,33,GEN,Bihar [2000 Onwards],Ashwini Kumar Choubey,Bharatiya Janta Party,1640567,888204,54.1 %,132338,14.9%
Chalakudy,11,GEN,Kerala,Innocent,Independent,1150491,884033,76.8 %,13884,1.6%
Chamarajanagar,22,SC,Karnataka,R. Dhruvanarayana,Indian National Congress,1555779,1133029,72.8 %,141182,12.5%
Chandauli,76,GEN,Uttar Pradesh [2000 Onwards],Dr Mahendra Nath Pandey,Bharatiya Janta Party,1669140,980572,58.8 %,156756,16.0%
Chandigarh,1,GEN,Chandigarh,Kher Kirron Anupam,Bharatiya Janta Party,615214,453455,73.7 %,69642,15.4%
Chandni Chowk,1,GEN,Delhi [1977 Onwards],Dr. Harsh Vardhan,Bharatiya Janta Party,1447228,981863,67.8 %,136320,13.9%
Chandrapur,13,GEN,Maharashtra,Ahir Hansraj Gangaram,Bharatiya Janta Party,1753690,1109743,63.3 %,236269,21.3%
Chatra,4,GEN,Jharkhand,Sunil Kumar Singh,Bharatiya Janta Party,1312545,712971,54.3 %,178026,25.0%
Chelvella,10,GEN,Telangana,Konda Vishweshwar Reddy,Telangana Rashtra Samithi,2185179,1315862,60.2 %,73023,5.5%
Chennai Central,4,GEN,Tamil Nadu,S.R. Vijayakumar,All India Anna Dravida Munnetra Kazhagam,1328027,814894,61.4 %,45841,5.6%
Chennai North,2,GEN,Tamil Nadu,Venkatesh Babu .T.G,All India Anna Dravida Munnetra Kazhagam,1422386,910114,64.0 %,99704,11.0%
Chennai South,3,GEN,Tamil Nadu,Dr. J. Jayavardhan,All India Anna Dravida Munnetra Kazhagam,1795780,1081163,60.2 %,136625,12.6%
Chhindwara,16,GEN,Madhya Pradesh [2000 Onwards],Kamal Nath,Indian National Congress,1401277,1107498,79.0 %,116537,10.5%
Chhota Udaipur,21,ST,Gujarat,Ramsinh Rathwa,Bharatiya Janta Party,1536305,1100542,71.6 %,179729,16.3%
Chidambaram,27,SC,Tamil Nadu,Chandrakasi M,All India Anna Dravida Munnetra Kazhagam,1366189,1088423,79.7 %,128495,11.8%
Chikballapur,27,GEN,Karnataka,M Veerappa Moily,Indian National Congress,1658342,1263274,76.2 %,9520,0.8%
Chikkodi,1,GEN,Karnataka,Prakash Babanna Hukkeri,Indian National Congress,1442296,1071103,74.3 %,3003,0.3%
Chitradurga,18,SC,Karnataka,B.N.Chandrappa,Indian National Congress,1661272,1096499,66.0 %,101291,9.2%
Chittoor,42,SC,Andhra Pradesh [2014 Onwards],Naramalli Sivaprasad,Telugu Desam,1452141,1198915,82.6 %,44138,3.7%
Chittorgarh,21,GEN,Rajasthan,Chandra Prakash Joshi,Bharatiya Janta Party,1818147,1172629,64.5 %,316857,27.0%
Churu,3,GEN,Rajasthan,Rahul Kaswan,Bharatiya Janta Party,1753825,1131104,64.5 %,294739,26.1%
Coimbatore,20,GEN,Tamil Nadu,Nagarajan P.,All India Anna Dravida Munnetra Kazhagam,1720211,1176620,68.4 %,42016,3.6%
Cooch Behar,1,SC,West Bengal,Renuka Sinha,All India Trinamool Congress,1613417,1332409,82.6 %,87107,6.5%
Cuddalore,26,GEN,Tamil Nadu,Arunmozhithevan.A,All India Anna Dravida Munnetra Kazhagam,1247908,984538,78.9 %,203125,20.6%
Cuttack,14,GEN,Orissa,Bhartruhari Mahatab,Biju Janata Dal,1371617,978604,71.4 %,306762,31.3%
Dadra And Nagar Haveli,1,GEN,Dadra & Nagar Haveli,Patel Natubhai Gomanbhai,Bharatiya Janta Party,196617,165286,84.1 %,6214,3.8%
Dahod,19,ST,Gujarat,Jasvantsinh Sumanbhai Bhabhor,Bharatiya Janta Party,1411765,900381,63.8 %,230354,25.6%
Dakshina Kannada,17,GEN,Karnataka,Nalin Kumar Kateel,Bharatiya Janta Party,1565281,1207474,77.1 %,143709,11.9%
Daman And Diu,1,GEN,Daman & Diu,Patel Lalubhai Babubhai,Bharatiya Janta Party,111827,87233,78.0 %,9222,10.6%
Damoh,7,GEN,Madhya Pradesh [2000 Onwards],Prahalad Singh Patel,Bharatiya Janta Party,1651106,912080,55.2 %,213299,23.4%
Darbhanga,14,GEN,Bihar [2000 Onwards],Kirti Azad,Bharatiya Janta Party,1495446,828342,55.4 %,35043,4.2%
Darjeeling,4,GEN,West Bengal,S.S.Ahluwalia,Bharatiya Janta Party,1437126,1142009,79.5 %,197239,17.3%
Dausa,11,ST,Rajasthan,Harish Chandra Meena,Bharatiya Janta Party,1524095,930492,61.1 %,45404,4.9%
Davanagere,13,GEN,Karnataka,G M Siddeshwara,Bharatiya Janta Party,1522712,1114868,73.2 %,17607,1.6%
Deoria,66,GEN,Uttar Pradesh [2000 Onwards],Kalraj Mishra,Bharatiya Janta Party,1806926,971557,53.8 %,265386,27.3%
Dewas,21,SC,Madhya Pradesh [2000 Onwards],Manohar Untwal,Bharatiya Janta Party,1617215,1143968,70.7 %,260313,22.8%
Dhanbad,7,GEN,Jharkhand,Pashupati Nath Singh,Bharatiya Janta Party,1889994,1143902,60.5 %,292954,25.6%
Dhar,25,ST,Madhya Pradesh [2000 Onwards],Savitri Thakur,Bharatiya Janta Party,1668441,1076816,64.5 %,104328,9.7%
Dharmapuri,10,GEN,Tamil Nadu,Anbumani Ramadoss,Pattali Makkal Katchi,1358273,1101345,81.1 %,77146,7.0%
Dharwad,11,GEN,Karnataka,Pralhad Joshi,Bharatiya Janta Party,1579024,1041226,65.9 %,113657,10.9%
Dhaurahra,29,GEN,Uttar Pradesh [2000 Onwards],Rekha,Bharatiya Janta Party,1558039,1060271,68.1 %,125675,11.9%
Dhenkanal,9,GEN,Orissa,Tathagata Satpathy,Biju Janata Dal,1363467,1042101,76.4 %,137340,13.2%
Dhubri,4,GEN,Assam,Badruddin Ajmal,All India United Democratic Front,1552554,1369624,88.2 %,229730,16.8%
Dhule,2,GEN,Maharashtra,Dr. Bhamre Subhash Ramrao,Bharatiya Janta Party,1674469,983083,58.7 %,130723,13.3%
Diamond Harbour,21,GEN,West Bengal,Abhishek Banerjee,All India Trinamool Congress,1555914,1261296,81.1 %,71298,5.7%
Dibrugarh,13,GEN,Assam,Rameswar Teli,Bharatiya Janta Party,1124305,890968,79.3 %,185347,20.8%
Dindigul,22,GEN,Tamil Nadu,Udhaya Kumar .M,All India Anna Dravida Munnetra Kazhagam,1400531,1083364,77.4 %,127845,11.8%
Dindori,20,ST,Maharashtra,Chavan Harishchandra Deoram,Bharatiya Janta Party,1530139,970182,63.4 %,247619,25.5%
Domariyaganj,60,GEN,Uttar Pradesh [2000 Onwards],Jagdambika Pal,Bharatiya Janta Party,1761415,935027,53.1 %,103588,11.1%
Dum Dum,16,GEN,West Bengal,Saugata Roy,All India Trinamool Congress,1405981,1132644,80.6 %,154934,13.7%
Dumka,2,ST,Jharkhand,Shibu Soren,Jharkhand Mukti Morcha,1247155,903060,72.4 %,39030,4.3%
Durg,7,GEN,Chhattisgarh,Tamradhwaj Sahu,Indian National Congress,1855781,1258342,67.8 %,16848,1.3%
East Delhi,3,GEN,Delhi [1977 Onwards],Maheish Girri,Bharatiya Janta Party,1829578,1196336,65.4 %,190463,15.9%
Eluru,27,GEN,Andhra Pradesh [2014 Onwards],Maganti Venkateswara Rao (BABU),Telugu Desam,1427760,1201696,84.2 %,101926,8.5%
Ernakulam,12,GEN,Kerala,Prof. K.V. Thomas,Indian National Congress,1156467,850834,73.6 %,87047,10.2%
Erode,17,GEN,Tamil Nadu,Selvakumara Chinnayan S,All India Anna Dravida Munnetra Kazhagam,1321395,1008582,76.3 %,211563,21.0%
Etah,22,GEN,Uttar Pradesh [2000 Onwards],Rajveer Singh (RAJU BHAIYA),Bharatiya Janta Party,1577457,926281,58.7 %,201001,21.7%
Etawah,41,SC,Uttar Pradesh [2000 Onwards],Ashok Kumar Doharey,Bharatiya Janta Party,1707237,939604,55.0 %,172946,18.4%
Faizabad,54,GEN,Uttar Pradesh [2000 Onwards],Lallu Singh,Bharatiya Janta Party,1738701,1022716,58.8 %,282775,27.6%
Faridabad,10,GEN,Haryana,Krishan Pal,Bharatiya Janta Party,1740352,1130726,65.0 %,466873,41.3%
Faridkot,9,SC,Punjab,Prof. Sadhu Singh,Aam Aadmi Party,1455075,1032107,70.9 %,172516,16.7%
Farrukhabad,40,GEN,Uttar Pradesh [2000 Onwards],Mukesh Rajput,Bharatiya Janta Party,1613781,970677,60.2 %,150502,15.5%
Fatehgarh Sahib,8,SC,Punjab,Harinder Singh Khalsa,Aam Aadmi Party,1396957,1030954,73.8 %,54144,5.3%
Fatehpur,49,GEN,Uttar Pradesh [2000 Onwards],Niranjan Jyoti,Bharatiya Janta Party,1804777,1056688,58.6 %,187206,17.7%
Fatehpur Sikri,19,GEN,Uttar Pradesh [2000 Onwards],Babulal,Bharatiya Janta Party,1580582,967968,61.2 %,173106,17.9%
Ferozpur,10,GEN,Punjab,Sher Singh Ghubaya,Shiromani Akali Dal,1522111,1105412,72.6 %,31420,2.8%
Firozabad,20,GEN,Uttar Pradesh [2000 Onwards],Akshay Yadav,Samajwadi Party,1636738,1104606,67.5 %,114059,10.3%
Gadchiroli-Chimur,12,ST,Maharashtra,Ashok Mahadeorao Nete,Bharatiya Janta Party,1469767,1027129,69.9 %,236870,23.1%
Gandhinagar,6,GEN,Gujarat,L.K.Advani,Bharatiya Janta Party,1733972,1135495,65.5 %,483121,42.5%
Ganganagar,1,SC,Rajasthan,Nihalchand,Bharatiya Janta Party,1718421,1256806,73.1 %,291741,23.2%
Garhwal,2,GEN,Uttarakhand,(MAJ GEN (RETD.) ) BHUWAN CHANDRA KHANDURI (AVSM),Bharatiya Janta Party,1269083,682024,53.7 %,184526,27.1%
Gauhati,7,GEN,Assam,Bijoya Chakravarty,Bharatiya Janta Party,1922270,1511729,78.6 %,315784,20.9%
Gautam Buddh Nagar,13,GEN,Uttar Pradesh [2000 Onwards],Dr.Mahesh Sharma,Bharatiya Janta Party,1986117,1199238,60.4 %,280212,23.4%
Gaya,38,SC,Bihar [2000 Onwards],Hari Manjhi,Bharatiya Janta Party,1500751,809378,53.9 %,115504,14.3%
Ghatal,32,GEN,West Bengal,Adhikari Deepak (DEV),All India Trinamool Congress,1610489,1366709,84.9 %,260891,19.1%
Ghaziabad,12,GEN,Uttar Pradesh [2000 Onwards],Vijay Kumar Singh,Bharatiya Janta Party,2357546,1342320,56.9 %,567260,42.3%
Ghazipur,75,GEN,Uttar Pradesh [2000 Onwards],Manoj Sinha,Bharatiya Janta Party,1801519,986673,54.8 %,32452,3.3%
Ghosi,70,GEN,Uttar Pradesh [2000 Onwards],Harinarayan Rajbhar,Bharatiya Janta Party,1891113,1039656,55.0 %,146015,14.0%
Giridih,6,GEN,Jharkhand,Ravindra Kumar Pandey,Bharatiya Janta Party,1515137,969997,64.0 %,40313,4.2%
Godda,3,GEN,Jharkhand,Nishikant Dubey,Bharatiya Janta Party,1590628,1049442,66.0 %,60682,5.8%
Gonda,59,GEN,Uttar Pradesh [2000 Onwards],Kirti Vardhan Singh,Bharatiya Janta Party,1710827,873732,51.1 %,160416,18.4%
Gopalganj,17,SC,Bihar [2000 Onwards],Janak Ram,Bharatiya Janta Party,1652767,903583,54.7 %,286936,31.8%
Gorakhpur,64,GEN,Uttar Pradesh [2000 Onwards],Adityanath,Bharatiya Janta Party,1904498,1040199,54.6 %,312783,30.1%
Gulbarga,5,SC,Karnataka,Mallikarjun Kharge,Indian National Congress,1721990,997638,57.9 %,74733,7.5%
Guna,4,GEN,Madhya Pradesh [2000 Onwards],Jyotiraditya M Scindia,Indian National Congress,1605619,976629,60.8 %,120792,12.4%
Guntur,30,GEN,Andhra Pradesh [2014 Onwards],Jayadev Galla,Telugu Desam,1572016,1244926,79.2 %,69111,5.6%
Gurdaspur,1,GEN,Punjab,Vinod Khanna,Bharatiya Janta Party,1500337,1042699,69.5 %,136065,13.0%
Gurgaon,9,GEN,Haryana,Inderjit Singh Rao,Bharatiya Janta Party,1845623,1320619,71.6 %,274722,20.8%
Gwalior,3,GEN,Madhya Pradesh [2000 Onwards],Narendra Singh Tomar,Bharatiya Janta Party,1877003,990912,52.8 %,29699,3.0%
Hajipur,21,SC,Bihar [2000 Onwards],Ramvilas Paswan,Lok Jan Shakti Party,1649547,904753,54.9 %,225500,24.9%
Hamirpur,3,GEN,Himachal Pradesh,Anurag Singh Thakur,Bharatiya Janta Party,1247699,835205,66.9 %,98403,11.8%
Hamirpur,47,GEN,Uttar Pradesh [2000 Onwards],Kunwar Pushpendra Singh Chandel,Bharatiya Janta Party,1737993,975240,56.1 %,266788,27.4%
Hardoi,31,SC,Uttar Pradesh [2000 Onwards],Anshul Verma,Bharatiya Janta Party,1714387,972894,56.8 %,81343,8.4%
Hardwar,5,GEN,Uttarakhand,Ramesh Pokhriyal Nishank,Bharatiya Janta Party,1642873,1175692,71.6 %,177822,15.1%
Hassan,16,GEN,Karnataka,H.D. Devegowda,Janata Dal (Secular),1561336,1147172,73.5 %,100462,8.8%
Hathras,16,SC,Uttar Pradesh [2000 Onwards],Rajesh Kumar Diwaker,Bharatiya Janta Party,1758927,1049273,59.7 %,326386,31.1%
Hatkanangle,48,GEN,Maharashtra,Raju Shetty,Swabhimani Paksha,1630598,1188871,72.9 %,177810,15.0%
Haveri,10,GEN,Karnataka,Udasi Shivakumar Channabasappa,Bharatiya Janta Party,1558749,1115968,71.6 %,87571,7.8%
Hazaribagh,14,GEN,Jharkhand,Jayant Sinha,Bharatiya Janta Party,1518831,967152,63.7 %,159128,16.5%
Hindupur,37,GEN,Andhra Pradesh [2014 Onwards],Kristappa Nimmala,Telugu Desam,1446503,1177257,81.4 %,97325,8.3%
Hingoli,15,GEN,Maharashtra,Rajeev Shankarrao Satav,Indian National Congress,1586194,1051164,66.3 %,1632,0.2%
Hisar,4,GEN,Haryana,Dushyant Chautala,Indian National Lok Dal,1517606,1155914,76.2 %,31847,2.8%
Hooghly,28,GEN,West Bengal,Dr. Ratna De (NAG),All India Trinamool Congress,1630042,1348870,82.8 %,189084,14.0%
Hoshangabad,17,GEN,Madhya Pradesh [2000 Onwards],Uday Pratap Singh,Bharatiya Janta Party,1568127,1031175,65.8 %,389960,37.8%
Hoshiarpur,5,SC,Punjab,Vijay Sampla,Bharatiya Janta Party,1485286,961297,64.7 %,13582,1.4%
Howrah,25,GEN,West Bengal,Prasun Banerjee,All India Trinamool Congress,1505099,1125399,74.8 %,196956,17.5%
Hyderabad,9,GEN,Telangana,Asaduddin Owaisi,All India Majlis-E-Ittehadul Muslimoon,1823664,971421,53.3 %,202454,20.8%
Idukki,13,GEN,Kerala,Adv.Joice George,Independent,1158735,819766,70.8 %,50542,6.2%
Indore,26,GEN,Madhya Pradesh [2000 Onwards],Sumitra Mahajan (TAI),Bharatiya Janta Party,2115303,1316817,62.3 %,466901,35.5%
Inner Manipur,1,GEN,Manipur,Dr. Thokchom Meinya,Indian National Congress,855359,640871,74.9 %,94674,14.8%
Jabalpur,13,GEN,Madhya Pradesh [2000 Onwards],Rakesh Singh,Bharatiya Janta Party,1711683,1002184,58.6 %,208639,20.8%
Jadavpur,22,GEN,West Bengal,Sugata Bose,All India Trinamool Congress,1595746,1272362,79.7 %,125203,9.8%
Jagatsinghpur,16,SC,Orissa,Kulamani Samal,Biju Janata Dal,1499673,1131932,75.5 %,276394,24.4%
Jahanabad,36,GEN,Bihar [2000 Onwards],Dr. Arun Kumar,Rashtriya Lok Samta Party,1423246,811516,57.0 %,42340,5.2%
Jaipur,7,GEN,Rajasthan,Ramcharan Bohara,Bharatiya Janta Party,1957818,1296806,66.2 %,539345,41.6%
Jaipur Rural,6,GEN,Rajasthan,Rajyavardhan Singh Rathore,Bharatiya Janta Party,1699462,1013691,59.7 %,332896,32.8%
Jajpur,8,SC,Orissa,Rita Tarai,Biju Janata Dal,1303733,980435,75.2 %,320271,32.7%
Jalandhar,4,SC,Punjab,Santokh Singh Chaudhary,Indian National Congress,1551497,1040762,67.1 %,70981,6.8%
Jalaun,45,SC,Uttar Pradesh [2000 Onwards],Bhanu Pratap Singh Verma,Bharatiya Janta Party,1903332,1109166,58.3 %,287202,25.9%
Jalgaon,3,GEN,Maharashtra,A.T. Nana Patil,Bharatiya Janta Party,1707933,990332,58.0 %,383525,38.7%
Jalna,18,GEN,Maharashtra,Danve Raosaheb Dadarao,Bharatiya Janta Party,1612054,1066259,66.1 %,206798,19.4%
Jalore,18,GEN,Rajasthan,Devji Patel,Bharatiya Janta Party,1824968,1087272,59.6 %,381145,35.1%
Jalpaiguri,3,SC,West Bengal,Bijoy Chandra Barman,All India Trinamool Congress,1531469,1302117,85.0 %,69606,5.3%
Jammu,6,GEN,Jammu & Kashmir,Jugal Kishore,Bharatiya Janta Party,1848155,1253593,67.8 %,257280,20.5%
Jamnagar,12,GEN,Gujarat,Poonamben Hematbhai Maadam,Bharatiya Janta Party,1470952,852643,58.0 %,175289,20.6%
Jamshedpur,9,GEN,Jharkhand,Bidyut Baran Mahato,Bharatiya Janta Party,1581665,1049140,66.3 %,99876,9.5%
Jamui,40,SC,Bihar [2000 Onwards],Chirag Kumar Paswan,Lok Jan Shakti Party,1550936,775639,50.0 %,85947,11.1%
Jangipur,9,GEN,West Bengal,Abhijit Mukherjee,Indian National Congress,1391656,1119084,80.4 %,8161,0.7%
Janjgir-Champa,3,SC,Chhattisgarh,Kamla Patle,Bharatiya Janta Party,1737532,1073347,61.8 %,174961,16.3%
Jaunpur,73,GEN,Uttar Pradesh [2000 Onwards],Krishna Pratap 'k.P.',Bharatiya Janta Party,1848842,1007143,54.5 %,146310,14.5%
Jhalawar-Baran,25,GEN,Rajasthan,Dushyant Singh,Bharatiya Janta Party,1669842,1146364,68.7 %,281546,24.6%
Jhanjharpur,7,GEN,Bihar [2000 Onwards],Birendra Kumar Chaudhary,Bharatiya Janta Party,1650753,941249,57.0 %,55408,5.9%
Jhansi,46,GEN,Uttar Pradesh [2000 Onwards],Uma Bharati,Bharatiya Janta Party,1932015,1320804,68.4 %,190467,14.4%
Jhargram,33,ST,West Bengal,Uma Saren,All India Trinamool Congress,1475112,1257613,85.3 %,347883,27.7%
Jhunjhunu,4,GEN,Rajasthan,Santosh Ahlawat,Bharatiya Janta Party,1696788,1006465,59.3 %,233835,23.2%
Jodhpur,16,GEN,Rajasthan,Gajendrasingh Shekhawat,Bharatiya Janta Party,1727363,1078598,62.4 %,410051,38.0%
Jorhat,12,GEN,Assam,Kamakhya Prasad Tasa,Bharatiya Janta Party,1234448,931336,75.5 %,102420,11.0%
Joynagar,19,SC,West Bengal,Pratima Mondal,All India Trinamool Congress,1458724,1186052,81.3 %,108384,9.1%
Junagadh,13,GEN,Gujarat,Chudasama Rajeshbhai Naranbhai,Bharatiya Janta Party,1485543,941378,63.4 %,135832,14.4%
Kachchh,1,SC,Gujarat,Chavda Vinod Lakhamashi,Bharatiya Janta Party,1533782,946240,61.7 %,254482,26.9%
Kadapa,38,GEN,Andhra Pradesh [2014 Onwards],Y.S. Avinash Reddy,Yuvajana Sramika Rythu Congress Party,1550579,1200662,77.4 %,190323,15.9%
Kairana,2,GEN,Uttar Pradesh [2000 Onwards],Hukum Singh,Bharatiya Janta Party,1531755,1119324,73.1 %,236828,21.2%
Kaiserganj,57,GEN,Uttar Pradesh [2000 Onwards],Brij Bhusan Sharan Singh,Bharatiya Janta Party,1711967,943357,55.1 %,78218,8.3%
Kakinada,23,GEN,Andhra Pradesh [2014 Onwards],Thota Narasimham,Telugu Desam,1418290,1099999,77.6 %,3431,0.3%
Kalahandi,11,GEN,Orissa,Arka Keshari Deo,Biju Janata Dal,1474135,1117536,75.8 %,56347,5.0%
Kaliabor,11,GEN,Assam,Gourav Gogoi,Indian National Congress,1457865,1166490,80.0 %,93874,8.0%
Kallakurichi,14,GEN,Tamil Nadu,Kamaraj. K,All India Anna Dravida Munnetra Kazhagam,1412499,1107241,78.4 %,223507,20.2%
Kalyan,24,GEN,Maharashtra,Dr.Shrikant Eknath Shinde,Shiv Sena,1922046,824196,42.9 %,250749,30.4%
Kancheepuram,6,SC,Tamil Nadu,Maragatham K,All India Anna Dravida Munnetra Kazhagam,1480123,1128399,76.2 %,146866,13.0%
Kandhamal,13,GEN,Orissa,Hemendra Chandra Singh,Biju Janata Dal,1143602,839415,73.4 %,181017,21.6%
Kangra,1,GEN,Himachal Pradesh,Shanta Kumar,Bharatiya Janta Party,1258601,799445,63.5 %,170072,21.3%
Kanker,11,ST,Chhattisgarh,Vikram Dev Usendi,Bharatiya Janta Party,1447774,1016943,70.2 %,35158,3.5%
Kannauj,42,GEN,Uttar Pradesh [2000 Onwards],Dimple Yadav,Samajwadi Party,1808889,1114460,61.6 %,19907,1.8%
Kanniyakumari,39,GEN,Tamil Nadu,Radhakrishnan P.,Bharatiya Janta Party,1467796,990742,67.5 %,128662,13.0%
Kannur,2,GEN,Kerala,P K Sreemathi Teacher,Communist Party Of India (MARXIST),1170266,947117,80.9 %,6566,0.7%
Kanpur,43,GEN,Uttar Pradesh [2000 Onwards],Dr.Murli Manohar Joshi,Bharatiya Janta Party,1611248,835079,51.8 %,222946,26.7%
Kanthi,31,GEN,West Bengal,Adhikari Sisir Kumar,All India Trinamool Congress,1490409,1290811,86.6 %,229490,17.8%
Karakat,35,GEN,Bihar [2000 Onwards],Upendra Kushwaha,Rashtriya Lok Samta Party,1569989,789927,50.3 %,105241,13.3%
Karauli-Dholpur,10,SC,Rajasthan,Manoj Rajoria,Bharatiya Janta Party,1549662,845941,54.6 %,27216,3.2%
Karimganj,1,SC,Assam,Radheshyam Biswas,All India United Democratic Front,1165997,886920,76.1 %,102094,11.5%
Karimnagar,3,GEN,Telangana,Vinod Kumar Boinapally,Telangana Rashtra Samithi,1550834,1125691,72.6 %,205077,18.2%
Karnal,5,GEN,Haryana,Ashwini Kumar,Bharatiya Janta Party,1684321,1193500,70.9 %,360147,30.2%
Karur,23,GEN,Tamil Nadu,Thambiduraim.,All India Anna Dravida Munnetra Kazhagam,1298322,1046534,80.6 %,195247,18.7%
Kasaragod,1,GEN,Kerala,P Karunakaran,Communist Party Of India (MARXIST),1243730,974215,78.3 %,6921,0.7%
Katihar,11,GEN,Bihar [2000 Onwards],Tariq Anwar,Nationalist Congress Party,1446478,977830,67.6 %,114740,11.7%
Kaushambi,50,SC,Uttar Pradesh [2000 Onwards],Vinod Kumar Sonkar,Bharatiya Janta Party,1738994,910038,52.3 %,42847,4.7%
Kendrapara,15,GEN,Orissa,Baijayant Panda,Biju Janata Dal,1555444,1140999,73.4 %,209108,18.3%
Keonjhar,4,ST,Orissa,Sakuntala Laguri,Biju Janata Dal,1346683,1083869,80.5 %,157317,14.5%
Khadoor Sahib,3,GEN,Punjab,Ranjit Singh Brahmpura,Shiromani Akali Dal,1563256,1040518,66.6 %,100569,9.7%
Khagaria,25,GEN,Bihar [2000 Onwards],Choudhary Mahboob Ali Kaiser,Lok Jan Shakti Party,1492068,896231,60.1 %,76003,8.5%
Khajuraho,8,GEN,Madhya Pradesh [2000 Onwards],Nagendra Singh,Bharatiya Janta Party,1702794,874477,51.4 %,247490,28.3%
Khammam,17,GEN,Telangana,Ponguleti Srinivasa Reddy,Yuvajana Sramika Rythu Congress Party,1440289,1182897,82.1 %,11974,1.0%
Khandwa,28,GEN,Madhya Pradesh [2000 Onwards],Nandkumar Singh Chouhan (NANDU BHAIYA),Bharatiya Janta Party,1759410,1257327,71.5 %,259714,20.7%
Khargone,27,ST,Madhya Pradesh [2000 Onwards],Subhash Patel,Bharatiya Janta Party,1703271,1152525,67.7 %,257879,22.4%
Kheda,17,GEN,Gujarat,Chauhan Devusinh Jesingbhai (CHAUHAN DEVUSINH),Bharatiya Janta Party,1599476,955906,59.8 %,232901,24.4%
Kheri,28,GEN,Uttar Pradesh [2000 Onwards],Ajay Kumar,Bharatiya Janta Party,1679466,1077868,64.2 %,110274,10.2%
Khunti,11,ST,Jharkhand,Karia Munda,Bharatiya Janta Party,1111852,736955,66.3 %,92248,12.5%
Kishanganj,10,GEN,Bihar [2000 Onwards],Mohammad Asrarul Haque,Indian National Congress,1438990,928490,64.5 %,194612,21.0%
Kodarma,5,GEN,Jharkhand,Ravindra Kr. Ray,Bharatiya Janta Party,1639629,1024906,62.5 %,98654,9.6%
Kokrajhar,5,ST,Assam,Naba Kumar Sarania (HIRA),Independent,1505476,1223869,81.3 %,355779,29.1%
Kolar,28,SC,Karnataka,K.H.Muniyappa,Indian National Congress,1492975,1127323,75.5 %,47850,4.2%
Kolhapur,47,GEN,Maharashtra,Dhananjay Bhimrao Mahadik,Nationalist Congress Party,1758300,1260289,71.7 %,33259,2.6%
Kolkata Dakshin,23,GEN,West Bengal,Subrata Bakshi,All India Trinamool Congress,1685296,1167979,69.3 %,136339,11.7%
Kolkata Uttar,24,GEN,West Bengal,Sudip Bandyopadhyay,All India Trinamool Congress,1433985,955778,66.7 %,96226,10.1%
Kollam,18,GEN,Kerala,N.K.Premachandran,Revolutionary Socialist Party,1219415,879056,72.1 %,37649,4.3%
Koppal,8,GEN,Karnataka,Karadi Sanganna Amarappa,Bharatiya Janta Party,1535105,1006508,65.6 %,32414,3.2%
Koraput,21,ST,Orissa,Jhina Hikaka,Biju Janata Dal,1300437,989444,76.1 %,19328,2.0%
Korba,4,GEN,Chhattisgarh,Dr. Banshilal Mahto,Bharatiya Janta Party,1419610,1052720,74.2 %,4265,0.4%
Kota,24,GEN,Rajasthan,Om Birla,Bharatiya Janta Party,1744539,1154960,66.2 %,200782,17.4%
Kottayam,14,GEN,Kerala,Jose K. Mani,Kerala Congress(M),1161463,831636,71.6 %,120599,14.5%
Kozhikode,5,GEN,Kerala,M .K Raghavan,Indian National Congress,1182484,943009,79.8 %,16883,1.8%
Krishnagiri,9,GEN,Tamil Nadu,Ashok Kumar.K,All India Anna Dravida Munnetra Kazhagam,1379957,1068391,77.4 %,206591,19.3%
Krishnanagar,12,GEN,West Bengal,Tapas Paul,All India Trinamool Congress,1476783,1247914,84.5 %,71255,5.7%
Kurnool,35,GEN,Andhra Pradesh [2014 Onwards],Butta Renuka,Yuvajana Sramika Rythu Congress Party,1481807,1065732,71.9 %,44131,4.1%
Kurukshetra,2,GEN,Haryana,Raj Kumar Saini,Bharatiya Janta Party,1498459,1135892,75.8 %,129736,11.4%
Kushi Nagar,65,GEN,Uttar Pradesh [2000 Onwards],Rajesh Pandey Urf Guddu,Bharatiya Janta Party,1680992,950445,56.5 %,85540,9.0%
Ladakh,4,GEN,Jammu & Kashmir,Thupstan Chhewang,Bharatiya Janta Party,166763,118029,70.8 %,36,0.0%
Lakhimpur,14,GEN,Assam,Sarbananda Sonowal,Bharatiya Janta Party,1430994,1111975,77.7 %,292138,26.3%
Lakshadweep,1,ST,Lakshadweep,Mohammed Faizal P.P.,Nationalist Congress Party,49922,43239,86.6 %,1535,3.6%
Lalganj,68,SC,Uttar Pradesh [2000 Onwards],Neelam Sonkar,Bharatiya Janta Party,1661483,898655,54.1 %,63086,7.0%
Latur,41,SC,Maharashtra,Dr. Sunil Baliram Gaikwad,Bharatiya Janta Party,1682607,1057156,62.8 %,253395,24.0%
Lohardaga,12,ST,Jharkhand,Sudarshan Bhagat,Bharatiya Janta Party,1119144,651460,58.2 %,6489,1.0%
Lucknow,35,GEN,Uttar Pradesh [2000 Onwards],Raj Nath Singh,Bharatiya Janta Party,1949956,1033783,53.0 %,272749,26.4%
Ludhiana,7,GEN,Punjab,Ravneet Singh Bittu,Indian National Congress,1561201,1100457,70.5 %,19709,1.8%
Machhlishahr,74,SC,Uttar Pradesh [2000 Onwards],Ram Charitra Nishad,Bharatiya Janta Party,1891969,997902,52.7 %,172155,17.3%
Machilipatnam,28,GEN,Andhra Pradesh [2014 Onwards],Konakalla Narayana Rao,Telugu Desam,1369311,1141065,83.3 %,81057,7.1%
Madha,43,GEN,Maharashtra,Mohite Patil Vijaysinh Shankarrao,Nationalist Congress Party,1727308,1079619,62.5 %,25344,2.3%
Madhepura,13,GEN,Bihar [2000 Onwards],Rajesh Ranjan @ Pappu Yadav,Rashtriya Janata Dal,1725578,1034799,60.0 %,56209,5.4%
Madhubani,6,GEN,Bihar [2000 Onwards],Hukm Deo Narayan Yadav,Bharatiya Janta Party,1627969,860453,52.9 %,20535,2.4%
Madurai,32,GEN,Tamil Nadu,R.Gopalakrishnan,All India Anna Dravida Munnetra Kazhagam,1441434,978346,67.9 %,197436,20.2%
Mahabubabad,16,ST,Telangana,Prof. Azmeera Seetaram Naik,Telangana Rashtra Samithi,1387343,1124370,81.0 %,34992,3.1%
Maharajganj,63,GEN,Uttar Pradesh [2000 Onwards],Pankaj,Bharatiya Janta Party,1743131,1056078,60.6 %,240458,22.8%
Maharajganj,19,GEN,Bihar [2000 Onwards],Janardan Singh Sigriwal,Bharatiya Janta Party,1644524,846654,51.5 %,38415,4.5%
Mahasamund,9,GEN,Chhattisgarh,Chandu Lal Sahu (CHANDU BHAIYA),Bharatiya Janta Party,1515747,1131209,74.6 %,1217,0.1%
Mahbubnagar,11,GEN,Telangana,Ap Jithender Reddy,Telangana Rashtra Samithi,1418672,1014800,71.5 %,2590,0.3%
Mahesana,4,GEN,Gujarat,Patel Jayshreeben Kanubhai,Bharatiya Janta Party,1498219,1004258,67.0 %,208891,20.8%
Mainpuri,21,GEN,Uttar Pradesh [2000 Onwards],Mulayam Singh Yadav,Samajwadi Party,1653065,999265,60.5 %,364666,36.5%
Malappuram,6,GEN,Kerala,E. Ahamed,Indian Union Muslim League,1198444,853467,71.2 %,194739,22.8%
Maldaha Dakshin,8,GEN,West Bengal,Abu Hasem Khan Chowdhury,Indian National Congress,1347143,1092407,81.1 %,164111,15.0%
Maldaha Uttar,7,GEN,West Bengal,Mausam Noor,Indian National Congress,1425428,1162985,81.6 %,65705,5.6%
Malkajgiri,7,GEN,Telangana,Ch.Malla Reddy,Telugu Desam,3183325,1620397,50.9 %,28371,1.8%
Mandi,2,GEN,Himachal Pradesh,Ram Swaroop Sharma,Bharatiya Janta Party,1150408,726094,63.1 %,39856,5.5%
Mandla,14,ST,Madhya Pradesh [2000 Onwards],Faggan Singh Kulaste,Bharatiya Janta Party,1824424,1218518,66.8 %,110469,9.1%
Mandsour,23,GEN,Madhya Pradesh [2000 Onwards],Sudhir Gupta,Bharatiya Janta Party,1626571,1161349,71.4 %,303649,26.1%
Mandya,20,GEN,Karnataka,C.S.Puttaraju,Janata Dal (Secular),1669262,1192638,71.5 %,5518,0.5%
Mangaldoi,8,GEN,Assam,Ramen Deka,Bharatiya Janta Party,1515676,1233237,81.4 %,22884,1.9%
Mathura,17,GEN,Uttar Pradesh [2000 Onwards],Hema Malini,Bharatiya Janta Party,1682260,1076868,64.0 %,330743,30.7%
Mathurapur,20,SC,West Bengal,Choudhury Mohan Jatua,All India Trinamool Congress,1488784,1265531,85.0 %,138436,10.9%
Maval,33,GEN,Maharashtra,Appa Alias Shrirang Chandu Barne,Shiv Sena,1953741,1174335,60.1 %,157397,13.4%
Mavelikara,16,SC,Kerala,Kodikunnil Suresh,Indian National Congress,1252668,889060,71.0 %,32737,3.7%
Mayiladuthurai,28,GEN,Tamil Nadu,Bharathi Mohan R.K,All India Anna Dravida Munnetra Kazhagam,1350318,1025538,76.0 %,277050,27.0%
Mayurbhanj,5,ST,Orissa,Rama Chandra Hansdah,Biju Janata Dal,1327555,1053399,79.4 %,122866,11.7%
Medak,6,GEN,Telangana,Kalvakuntla Chandrasekhar Rao,Telangana Rashtra Samithi,1536715,1191096,77.5 %,397029,33.3%
Medinipur,34,GEN,West Bengal,Sandhya Roy,All India Trinamool Congress,1499673,1260032,84.0 %,184666,14.7%
Meerut,10,GEN,Uttar Pradesh [2000 Onwards],Rajendra Agarwal,Bharatiya Janta Party,1764388,1113384,63.1 %,232326,20.9%
Mirzapur,79,GEN,Uttar Pradesh [2000 Onwards],Anupriya Singh Patel,Apna Dal,1720661,1007627,58.6 %,219079,21.7%
Misrikh,32,SC,Uttar Pradesh [2000 Onwards],Anju Bala,Bharatiya Janta Party,1725585,998314,57.9 %,87363,8.8%
Mizoram,1,ST,Mizoram,C. L. Ruala,Indian National Congress,702170,433201,61.7 %,6154,1.4%
Mohanlalganj,34,SC,Uttar Pradesh [2000 Onwards],Kaushal Kishore,Bharatiya Janta Party,1838194,1116588,60.7 %,145416,13.0%
Moradabad,6,GEN,Uttar Pradesh [2000 Onwards],Kunwer Sarvesh Kumar,Bharatiya Janta Party,1772046,1127965,63.7 %,87504,7.8%
Morena,1,GEN,Madhya Pradesh [2000 Onwards],Anoop Mishra,Bharatiya Janta Party,1702492,854279,50.2 %,132981,15.6%
Mumbai North,26,GEN,Maharashtra,Gopal Chinayya Shetty,Bharatiya Janta Party,1783870,946562,53.1 %,446582,47.2%
Mumbai North Central,29,GEN,Maharashtra,Poonam Mahajan Alias Poonam Vajendla Rao,Bharatiya Janta Party,1738894,845292,48.6 %,186771,22.1%
Mumbai North East,28,GEN,Maharashtra,Kirit Somaiya,Bharatiya Janta Party,1668357,861761,51.7 %,317122,36.8%
Mumbai North West,27,GEN,Maharashtra,Gajanan Chandrakant Kirtikar,Shiv Sena,1775428,895517,50.4 %,183028,20.4%
Mumbai South,31,GEN,Maharashtra,Arvind Sawant,Shiv Sena,1485846,780715,52.5 %,128148,16.4%
Mumbai South Central,30,GEN,Maharashtra,Rahul Ramesh Shewale,Shiv Sena,1447885,769060,53.1 %,138342,18.0%
Munger,28,GEN,Bihar [2000 Onwards],Veena Devi,Lok Jan Shakti Party,1696546,914350,53.9 %,109084,11.9%
Murshidabad,11,GEN,West Bengal,Badaruddoza Khan,Communist Party Of India (MARXIST),1512098,1287763,85.2 %,18453,1.4%
Muzaffarnagar,3,GEN,Uttar Pradesh [2000 Onwards],(DR.) SANJEEV KUMAR BALYAN,Bharatiya Janta Party,1588483,1107434,69.7 %,401150,36.2%
Muzaffarpur,15,GEN,Bihar [2000 Onwards],Ajay Nishad,Bharatiya Janta Party,1551363,948887,61.2 %,222422,23.4%
Mysore,21,GEN,Karnataka,Prathap Simha,Bharatiya Janta Party,1723134,1159594,67.3 %,31608,2.7%
Nabarangpur,12,ST,Orissa,Balabhadra Majhi,Biju Janata Dal,1297210,1022172,78.8 %,2042,0.2%
Nagaland,1,ST,Nagaland,Neiphiu Rio,Naga Peoples Front,1182948,1038910,87.8 %,400225,38.5%
Nagapattinam,29,SC,Tamil Nadu,Gopal. Dr. K,All India Anna Dravida Munnetra Kazhagam,1210626,942202,77.8 %,106079,11.3%
Nagarkurnool,12,SC,Telangana,Yellaiah Nandi,Indian National Congress,1477338,1108968,75.1 %,16676,1.5%
Nagaur,14,GEN,Rajasthan,C R Choudhary,Bharatiya Janta Party,1678662,1004019,59.8 %,75218,7.5%
Nagina,5,SC,Uttar Pradesh [2000 Onwards],Yashwant Singh,Bharatiya Janta Party,1493411,942196,63.1 %,92390,9.8%
Nagpur,10,GEN,Maharashtra,Gadkari Nitin Jairam,Bharatiya Janta Party,1900787,1085058,57.1 %,284828,26.3%
Nainital-Udhamsingh Nagar,4,GEN,Uttarakhand,Bhagat Singh Koshyari,Bharatiya Janta Party,1610810,1101435,68.4 %,284717,25.8%
Nalanda,29,GEN,Bihar [2000 Onwards],Kaushlendra Kumar,Janata Dal (United),1951967,921761,47.2 %,9627,1.0%
Nalgonda,13,GEN,Telangana,Gutha Sukhender Reddy,Indian National Congress,1495580,1189399,79.5 %,193156,16.2%
Namakkal,16,GEN,Tamil Nadu,Sundaram P.R,All India Anna Dravida Munnetra Kazhagam,1329552,1058755,79.6 %,294374,27.8%
Nanded,16,GEN,Maharashtra,Ashok Shankarrao Chavan,Indian National Congress,1687057,1013350,60.1 %,81455,8.0%
Nandurbar,1,ST,Maharashtra,Dr.Gavit Heena Vaijaykumar,Bharatiya Janta Party,1672715,1116676,66.8 %,106905,9.6%
Nandyal,34,GEN,Andhra Pradesh [2014 Onwards],S.P.Y Reddy,Yuvajana Sramika Rythu Congress Party,1577128,1204956,76.4 %,105766,8.8%
Narasaraopet,31,GEN,Andhra Pradesh [2014 Onwards],Sambasiva Rao Rayapati,Telugu Desam,1514861,1282058,84.6 %,35280,2.8%
Narsapuram,26,GEN,Andhra Pradesh [2014 Onwards],Gokaraju Ganga Raju,Bharatiya Janta Party,1325143,1088951,82.2 %,85351,7.8%
Nashik,21,GEN,Maharashtra,Godse Hemant Tukaram,Shiv Sena,1593237,937405,58.8 %,187336,20.0%
Navsari,25,GEN,Gujarat,C. R. Patil,Bharatiya Janta Party,1764622,1160747,65.8 %,558116,48.1%
Nawada,39,GEN,Bihar [2000 Onwards],Giriraj Singh,Bharatiya Janta Party,1675789,884441,52.8 %,140157,15.8%
Nellore,39,GEN,Andhra Pradesh [2014 Onwards],Mekapati Rajamohan Reddy,Yuvajana Sramika Rythu Congress Party,1606140,1187648,73.9 %,13478,1.1%
New Delhi,4,GEN,Delhi [1977 Onwards],Meenakashi Lekhi,Bharatiya Janta Party,1490147,969812,65.1 %,162708,16.8%
Nilgiris,19,SC,Tamil Nadu,Gopalakrishnan C.,All India Anna Dravida Munnetra Kazhagam,1269163,933076,73.5 %,104940,11.2%
Nizamabad,4,GEN,Telangana,Kalvakuntla Kavitha,Telangana Rashtra Samithi,1496193,1033924,69.1 %,167184,16.2%
North East Delhi,2,GEN,Delhi [1977 Onwards],Manoj Tiwari,Bharatiya Janta Party,1957707,1317338,67.3 %,144084,10.9%
North Goa,1,GEN,Goa,Shripad Yesso Naik,Bharatiya Janta Party,515441,406631,78.9 %,105599,26.0%
North West Delhi,5,SC,Delhi [1977 Onwards],Udit Raj,Bharatiya Janta Party,2194425,1356036,61.8 %,106802,7.9%
Nowgong,10,GEN,Assam,Rajen Gohain,Bharatiya Janta Party,1523881,1230074,80.7 %,143559,11.7%
Ongole,33,GEN,Andhra Pradesh [2014 Onwards],Y.V.Subba Reddy,Yuvajana Sramika Rythu Congress Party,1470483,1208225,82.2 %,15658,1.3%
Osmanabad,40,GEN,Maharashtra,Gaikwad Ravindra Vishwanath,Shiv Sena,1726793,1118151,64.8 %,234325,21.0%
Outer Manipur,2,ST,Manipur,Thangso Baite,Indian National Congress,918966,771766,84.0 %,15637,2.0%
Palakkad,8,GEN,Kerala,M B Rajesh,Communist Party Of India (MARXIST),1208758,910322,75.3 %,105300,11.6%
Palamau,13,SC,Jharkhand,Vishnu Dayal Ram,Bharatiya Janta Party,1645957,977323,59.4 %,263942,27.0%
Palghar,22,ST,Maharashtra,Adv. Chintaman Navasha Wanga,Bharatiya Janta Party,1578077,992618,62.9 %,239520,24.1%
Pali,15,GEN,Rajasthan,P P Choudhary,Bharatiya Janta Party,1893030,1095587,57.9 %,399039,36.4%
Panchmahal,18,GEN,Gujarat,Chauhan Prabhatsinh Pratapsinh,Bharatiya Janta Party,1576667,933461,59.2 %,170596,18.3%
Parbhani,17,GEN,Maharashtra,Jadhav Sanjay (BANDU) HARIBHAU,Shiv Sena,1803792,1162233,64.4 %,127155,10.9%
Paschim Champaran,2,GEN,Bihar [2000 Onwards],Dr. Sanjay Jaiswal,Bharatiya Janta Party,1413073,854800,60.5 %,110254,12.9%
Pataliputra,31,GEN,Bihar [2000 Onwards],Ram Kripal Yadav,Bharatiya Janta Party,1736074,978649,56.4 %,40322,4.1%
Patan,3,GEN,Gujarat,Liladharbhai Khodaji Vaghela,Bharatiya Janta Party,1628641,955799,58.7 %,138719,14.5%
Pathanamthitta,17,GEN,Kerala,Anto Antony,Indian National Congress,1323906,869452,65.7 %,56191,6.5%
Patiala,13,GEN,Punjab,Dr. Dharam Vira Gandhi,Aam Aadmi Party,1580273,1120933,70.9 %,20942,1.9%
Patna Sahib,30,GEN,Bihar [2000 Onwards],Shatrughana Sinha,Bharatiya Janta Party,1946249,882262,45.3 %,265805,30.1%
Peddapalli,2,SC,Telangana,Balka Suman,Telangana Rashtra Samithi,1425361,1022184,71.7 %,291158,28.5%
Perambalur,25,GEN,Tamil Nadu,Marutharajaa R.P.,All India Anna Dravida Munnetra Kazhagam,1285434,1030826,80.2 %,213048,20.7%
Phulpur,51,GEN,Uttar Pradesh [2000 Onwards],Keshav Prasad Maurya,Bharatiya Janta Party,1913274,960341,50.2 %,308308,32.1%
Pilibhit,26,GEN,Uttar Pradesh [2000 Onwards],Maneka Sanjay Gandhi,Bharatiya Janta Party,1671151,1050547,62.9 %,307052,29.2%
Pollachi,21,GEN,Tamil Nadu,Mahendran.C,All India Anna Dravida Munnetra Kazhagam,1381505,1012667,73.3 %,140974,13.9%
Pondicherry,1,GEN,Pondicherry,R. Radhakrishnan,All India N.R. Congress,901357,740017,82.1 %,60854,8.2%
Ponnani,7,GEN,Kerala,E. T. Mohammed Basheer,Indian Union Muslim League,1180789,871592,73.8 %,25410,2.9%
Porbandar,11,GEN,Gujarat,Radadiya Vithalbhai Hansrajbhai,Bharatiya Janta Party,1539223,809433,52.6 %,267971,33.1%
Pratapgarh,39,GEN,Uttar Pradesh [2000 Onwards],Kuwar Harivansh Singh,Apna Dal,1716625,894456,52.1 %,168222,18.8%
Pune,34,GEN,Maharashtra,Anil Shirole,Bharatiya Janta Party,1835836,993274,54.1 %,315769,31.8%
Puri,17,GEN,Orissa,Pinaki Misra,Biju Janata Dal,1404581,1039389,74.0 %,263361,25.3%
Purnia,12,GEN,Bihar [2000 Onwards],Santosh Kumar,Janata Dal (United),1582967,1017732,64.3 %,116669,11.5%
Purulia,35,GEN,West Bengal,Dr. Mriganka Mahato,All India Trinamool Congress,1471933,1204675,81.8 %,153877,12.8%
Purvi Champaran,3,GEN,Bihar [2000 Onwards],Radha Mohan Singh,Bharatiya Janta Party,1452963,822671,56.6 %,192163,23.4%
Rae Bareli,36,GEN,Uttar Pradesh [2000 Onwards],Sonia Gandhi,Indian National Congress,1594954,825136,51.7 %,352713,42.7%
Raichur,6,ST,Karnataka,B.V.Nayak,Indian National Congress,1661606,968889,58.3 %,1499,0.2%
Raigad,32,GEN,Maharashtra,Anant Geete,Shiv Sena,1532781,987766,64.4 %,2110,0.2%
Raiganj,5,GEN,West Bengal,Md. Salim,Communist Party Of India (MARXIST),1387526,1108193,79.9 %,1634,0.1%
Raigarh,2,ST,Chhattisgarh,Vishnu Deo Sai,Bharatiya Janta Party,1605824,1246186,77.6 %,216750,17.4%
Raipur,8,GEN,Chhattisgarh,Ramesh Bais,Bharatiya Janta Party,1904230,1250845,65.7 %,171646,13.7%
Rajahmundry,25,GEN,Andhra Pradesh [2014 Onwards],Murali Mohan Maganti,Telugu Desam,1421288,1154381,81.2 %,167434,14.5%
Rajampet,41,GEN,Andhra Pradesh [2014 Onwards],P.V.Midhun Reddy,Yuvajana Sramika Rythu Congress Party,1487498,1158317,77.9 %,174762,15.1%
Rajgarh,20,GEN,Madhya Pradesh [2000 Onwards],Rodmal Nagar,Bharatiya Janta Party,1578748,1010724,64.0 %,228737,22.6%
Rajkot,10,GEN,Gujarat,Kundariya Mohanbhai Kalyanjibhai,Bharatiya Janta Party,1655717,1057069,63.8 %,246428,23.3%
Rajmahal,1,ST,Jharkhand,Vijay Kumar Hansdak,Jharkhand Mukti Morcha,1353172,951563,70.3 %,41337,4.3%
Rajnandgaon,6,GEN,Chhattisgarh,Abhishek Singh,Bharatiya Janta Party,1588095,1178296,74.2 %,235911,20.0%
Rajsamand,22,GEN,Rajasthan,Hariom Singh Rathore,Bharatiya Janta Party,1699401,982119,57.8 %,395705,40.3%
Ramanathapuram,35,GEN,Tamil Nadu,Anwhar Raajhaa.A,All India Anna Dravida Munnetra Kazhagam,1455891,1001048,68.8 %,119324,11.9%
Rampur,7,GEN,Uttar Pradesh [2000 Onwards],Dr. Nepal Singh,Bharatiya Janta Party,1616984,956389,59.2 %,23435,2.5%
Ramtek,9,SC,Maharashtra,Krupal Balaji Tumane,Shiv Sena,1677245,1050316,62.6 %,175791,16.7%
Ranaghat,13,SC,West Bengal,Tapas Mandal,All India Trinamool Congress,1602849,1353196,84.4 %,201767,14.9%
Ranchi,8,GEN,Jharkhand,Ram Tahal Choudhary,Bharatiya Janta Party,1648464,1049783,63.7 %,199303,19.0%
Ratlam,24,ST,Madhya Pradesh [2000 Onwards],Dileepsingh Bhuria,Bharatiya Janta Party,1702648,1082681,63.6 %,108447,10.0%
Ratnagiri - Sindhudurg,46,GEN,Maharashtra,Vinayak Bhaurao Raut,Shiv Sena,1367361,896256,65.6 %,150051,16.7%
Raver,4,GEN,Maharashtra,Khadase Raksha Nikhil,Bharatiya Janta Party,1593370,1009213,63.3 %,318068,31.5%
Rewa,10,GEN,Madhya Pradesh [2000 Onwards],Janardan Mishra,Bharatiya Janta Party,1544719,830002,53.7 %,168726,20.3%
Robertsganj,80,SC,Uttar Pradesh [2000 Onwards],Chhotelal,Bharatiya Janta Party,1639561,885873,54.0 %,190486,21.5%
Rohtak,7,GEN,Haryana,Deepender Singh Hooda,Indian National Congress,1567504,1044331,66.6 %,170627,16.3%
Sabarkantha,5,GEN,Gujarat,Rathod Dipsinh Shankarsinh,Bharatiya Janta Party,1615840,1094002,67.7 %,84455,7.7%
Sagar,5,GEN,Madhya Pradesh [2000 Onwards],Laxmi Narayan Yadav,Bharatiya Janta Party,1520184,891929,58.7 %,120737,13.5%
Saharanpur,1,GEN,Uttar Pradesh [2000 Onwards],Raghav Lakhanpal,Bharatiya Janta Party,1608833,1194308,74.2 %,65090,5.5%
Salem,15,GEN,Tamil Nadu,Pannerselvam.V,All India Anna Dravida Munnetra Kazhagam,1498350,1150296,76.8 %,267610,23.3%
Salempur,71,GEN,Uttar Pradesh [2000 Onwards],Ravindra Kushawaha,Bharatiya Janta Party,1661737,854749,51.4 %,232342,27.2%
Samastipur,23,SC,Bihar [2000 Onwards],Ram Chandra Paswan,Lok Jan Shakti Party,1503005,863199,57.4 %,6872,0.8%
Sambalpur,3,GEN,Orissa,Nagendra Kumar Pradhan,Biju Janata Dal,1297098,984309,75.9 %,30576,3.1%
Sambhal,8,GEN,Uttar Pradesh [2000 Onwards],Satyapal Singh,Bharatiya Janta Party,1693245,1057002,62.4 %,5174,0.5%
Sangli,44,GEN,Maharashtra,Sanjaykaka Patil,Bharatiya Janta Party,1649107,1046659,63.5 %,239292,22.9%
Sangrur,12,GEN,Punjab,Bhagwant Mann,Aam Aadmi Party,1424743,1099467,77.2 %,211721,19.3%
Sant Kabir Nagar,62,GEN,Uttar Pradesh [2000 Onwards],Sharad Tripathi,Bharatiya Janta Party,1904327,1011649,53.1 %,97978,9.7%
Saran,20,GEN,Bihar [2000 Onwards],Rajiv Pratap Rudy,Bharatiya Janta Party,1538744,863254,56.1 %,40948,4.7%
Sarguja,1,ST,Chhattisgarh,Kamalbhan Singh Marabi,Bharatiya Janta Party,1523072,1187321,78.0 %,147236,12.4%
Sasaram,34,SC,Bihar [2000 Onwards],Chhedi Paswan,Bharatiya Janta Party,1607747,846788,52.7 %,63327,7.5%
Satara,45,GEN,Maharashtra,Shrimant Chh. Udayanraje Pratapsinha Bhonsale,Nationalist Congress Party,1719998,976681,56.8 %,366594,37.5%
Satna,9,GEN,Madhya Pradesh [2000 Onwards],Ganesh Singh,Bharatiya Janta Party,1458084,913444,62.7 %,8688,1.0%
Secundrabad,8,GEN,Telangana,Bandaru Dattatreya,Bharatiya Janta Party,1893647,1003769,53.0 %,254735,25.4%
Shahdol,12,ST,Madhya Pradesh [2000 Onwards],Dalpat Singh Paraste,Bharatiya Janta Party,1561321,968518,62.0 %,241301,24.9%
Shahjahanpur,27,SC,Uttar Pradesh [2000 Onwards],Krishna Raj,Bharatiya Janta Party,1979294,1129841,57.1 %,235529,20.8%
Sheohar,4,GEN,Bihar [2000 Onwards],Rama Devi,Bharatiya Janta Party,1489724,842894,56.6 %,136239,16.2%
Shillong,1,ST,Meghalaya,Vincent H. Pala,Indian National Congress,980740,619987,63.2 %,40379,6.5%
Shimla,4,SC,Himachal Pradesh,Virender Kashyap,Bharatiya Janta Party,1153363,737757,64.0 %,84187,11.4%
Shimoga,14,GEN,Karnataka,B. S. Yeddyurappa,Bharatiya Janta Party,1562241,1129008,72.3 %,363305,32.2%
Shirdi,38,SC,Maharashtra,Lokhande Sadashiv Kisan,Shiv Sena,1459712,932645,63.9 %,199922,21.4%
Shirur,36,GEN,Maharashtra,Adhalrao Shivaji Dattatrey,Shiv Sena,1824112,1089506,59.7 %,301814,27.7%
Shrawasti,58,GEN,Uttar Pradesh [2000 Onwards],Daddan Mishra,Bharatiya Janta Party,1788080,979638,54.8 %,85913,8.8%
Sidhi,11,GEN,Madhya Pradesh [2000 Onwards],Riti Pathak,Bharatiya Janta Party,1736050,989396,57.0 %,108046,10.9%
Sikar,5,GEN,Rajasthan,Sumedhanand Saraswati,Bharatiya Janta Party,1770424,1065750,60.2 %,239196,22.4%
Sikkim,1,GEN,Sikkim,Prem Das Rai,Sikkim Democratic Front,370611,308967,83.4 %,41742,13.5%
Silchar,2,GEN,Assam,Sushmita Dev,Indian National Congress,1060175,799830,75.4 %,35241,4.4%
Singhbhum,10,ST,Jharkhand,Laxman Giluwa,Bharatiya Janta Party,1152570,795286,69.0 %,87524,11.0%
Sirsa,3,SC,Haryana,Charanjeet Singh Rori,Indian National Lok Dal,1660557,1279105,77.0 %,115736,9.0%
Sitamarhi,5,GEN,Bihar [2000 Onwards],Ram Kumar Sharma,Rashtriya Lok Samta Party,1574914,900588,57.2 %,147965,16.4%
Sitapur,30,GEN,Uttar Pradesh [2000 Onwards],Rajesh Verma,Bharatiya Janta Party,1550263,1026972,66.3 %,51027,5.0%
Sivaganga,31,GEN,Tamil Nadu,Senthilnathan Pr,All India Anna Dravida Munnetra Kazhagam,1412373,1027036,72.7 %,229385,22.3%
Siwan,18,GEN,Bihar [2000 Onwards],Om Prakash Yadav,Bharatiya Janta Party,1563860,884021,56.5 %,113847,12.9%
Solapur,42,SC,Maharashtra,Sharad Bansode,Bharatiya Janta Party,1702755,951201,55.9 %,149674,15.7%
Sonipat,6,GEN,Haryana,Ramesh Chander,Bharatiya Janta Party,1417188,985637,69.6 %,77414,7.9%
South Delhi,7,GEN,Delhi [1977 Onwards],Ramesh Bidhuri,Bharatiya Janta Party,1752741,1102410,62.9 %,107000,9.7%
South Goa,2,GEN,Goa,Adv. Narendra Keshav Sawaikar,Bharatiya Janta Party,545336,410369,75.3 %,32330,7.9%
Srerampur,27,GEN,West Bengal,Kalyan Banerjee,All India Trinamool Congress,1624038,1290433,79.5 %,152526,11.8%
Srikakulam,19,GEN,Andhra Pradesh [2014 Onwards],Rammohan Naidu Kinjarapu,Telugu Desam,1413989,1051446,74.4 %,127572,12.1%
Srinagar,2,GEN,Jammu & Kashmir,Tariq Hameed Karra,Jammu & Kashmir Peoples Democratic Party,1205233,312212,25.9 %,42280,13.5%
Sriperumbudur,5,GEN,Tamil Nadu,Ramachandran K.N. Thiru,All India Anna Dravida Munnetra Kazhagam,1946503,1286647,66.1 %,102646,8.0%
Sultanpur,38,GEN,Uttar Pradesh [2000 Onwards],Feroze Varun Gandhi,Bharatiya Janta Party,1703698,964981,56.6 %,178902,18.5%
Sundargarh,2,ST,Orissa,Jual @ Juel Oram,Bharatiya Janta Party,1410532,1010711,71.7 %,18829,1.9%
Supaul,8,GEN,Bihar [2000 Onwards],Ranjeet Ranjan,Indian National Congress,1525592,970528,63.6 %,59672,6.1%
Surat,24,GEN,Gujarat,Darshana Vikram Jardosh,Bharatiya Janta Party,1484068,947922,63.9 %,533190,56.2%
Surendranagar,9,GEN,Gujarat,Fatepara Devajibhai Govindbhai,Bharatiya Janta Party,1656657,944677,57.0 %,202907,21.5%
Tamluk,30,GEN,West Bengal,Adhikari Suvendu,All India Trinamool Congress,1527273,1337684,87.6 %,246481,18.4%
Tehri Garhwal,1,GEN,Uttarakhand,Mala Rajya Laxmi Shah,Bharatiya Janta Party,1352845,776214,57.4 %,192503,24.8%
Tenkasi,37,SC,Tamil Nadu,Vasanthi.M,All India Anna Dravida Munnetra Kazhagam,1382081,1017938,73.7 %,161774,15.9%
Tezpur,9,GEN,Assam,Ram Prasad Sarmah,Bharatiya Janta Party,1259568,980688,77.9 %,86020,8.8%
Thane,25,GEN,Maharashtra,Vichare Rajan Baburao,Shiv Sena,2073442,1054189,50.8 %,281299,26.7%
Thanjavur,30,GEN,Tamil Nadu,Parasuraman.K,All India Anna Dravida Munnetra Kazhagam,1340050,1012258,75.5 %,144119,14.2%
Theni,33,GEN,Tamil Nadu,Parthipan R.,All India Anna Dravida Munnetra Kazhagam,1441302,1075583,74.6 %,314532,29.2%
Thiruvallur,1,SC,Tamil Nadu,Venugopal.P.(DR),All India Anna Dravida Munnetra Kazhagam,1702833,1254440,73.7 %,323430,25.8%
Thiruvananthapuram,20,GEN,Kerala,Dr. Shashi Tharoor,Indian National Congress,1272748,873439,68.6 %,15470,1.8%
Thoothukkudi,36,GEN,Tamil Nadu,Jeyasingh Thiyagaraj Natterjee.J,All India Anna Dravida Munnetra Kazhagam,1310597,916778,70.0 %,124002,13.5%
Thrissur,10,GEN,Kerala,C. N. Jayadevan,Communist Party Of India,1275288,920505,72.2 %,38227,4.2%
Tikamgarh,6,SC,Madhya Pradesh [2000 Onwards],Dr. Virendra Kumar,Bharatiya Janta Party,1529003,766321,50.1 %,208731,27.2%
Tiruchirappalli,24,GEN,Tamil Nadu,Kumar.P,All India Anna Dravida Munnetra Kazhagam,1387140,988250,71.2 %,150476,15.2%
Tirunelveli,38,GEN,Tamil Nadu,Prabakaran.K.R.P,All India Anna Dravida Munnetra Kazhagam,1420435,962330,67.8 %,126099,13.1%
Tirupati,40,SC,Andhra Pradesh [2014 Onwards],Varaprasad Rao Velagapalli,Yuvajana Sramika Rythu Congress Party,1574544,1213064,77.0 %,37425,3.1%
Tiruppur,18,GEN,Tamil Nadu,V.Sathyabama,All India Anna Dravida Munnetra Kazhagam,1375589,1050190,76.3 %,179315,17.1%
Tiruvannamalai,11,GEN,Tamil Nadu,Vanaroja R,All India Anna Dravida Munnetra Kazhagam,1352966,1067447,78.9 %,168606,15.8%
Tonk-Sawai Madhopur,12,GEN,Rajasthan,Sukhbir Singh Jaunapuria,Bharatiya Janta Party,1710775,1043040,61.0 %,135311,13.0%
Tripura East,2,ST,Tripura,Jitendra Choudhury,Communist Party Of India (MARXIST),1140269,951110,83.4 %,484358,50.9%
Tripura West,1,GEN,Tripura,Sankar Prasad Datta,Communist Party Of India (MARXIST),1248550,1072749,85.9 %,503486,46.9%
Tumkur,19,GEN,Karnataka,Muddahanumegowda.S.P.,Indian National Congress,1518518,1101484,72.5 %,74041,6.7%
Tura,2,ST,Meghalaya,Purno Agitok Sangma,National People's Party,586501,458071,78.1 %,39716,8.7%
Udaipur,19,ST,Rajasthan,Arjunlal Meena,Bharatiya Janta Party,1817940,1193202,65.6 %,236762,19.8%
Udhampur,5,GEN,Jammu & Kashmir,Dr. Jitendra Singh,Bharatiya Janta Party,1490244,1041758,69.9 %,60976,5.9%
Udupi Chikmagalur,15,GEN,Karnataka,Shobha Karandlaje,Bharatiya Janta Party,1387295,1034108,74.5 %,181643,17.6%
Ujiarpur,22,GEN,Bihar [2000 Onwards],Nityanand Rai,Bharatiya Janta Party,1428445,858920,60.1 %,60469,7.0%
Ujjain,22,SC,Madhya Pradesh [2000 Onwards],Prof. Chintamani Malviya,Bharatiya Janta Party,1525481,1016405,66.6 %,309663,30.5%
Uluberia,26,GEN,West Bengal,Sultan Ahmed,All India Trinamool Congress,1448632,1186027,81.9 %,201222,17.0%
Unnao,33,GEN,Uttar Pradesh [2000 Onwards],Swami Sachchidanand Hari Sakshi,Bharatiya Janta Party,2164392,1201603,55.5 %,310173,25.8%
Uttara Kannada,12,GEN,Karnataka,Anantkumar Hegde,Bharatiya Janta Party,1450599,1001038,69.0 %,140700,14.1%
Vadakara,3,GEN,Kerala,Mullappally Ramachandran,Indian National Congress,1182504,959342,81.1 %,3306,0.3%
Vadodara,20,GEN,Gujarat,Narendra Modi,Bharatiya Janta Party,1638321,1161577,70.9 %,570128,49.1%
Vaishali,16,GEN,Bihar [2000 Onwards],Rama Kishore Singh,Lok Jan Shakti Party,1587202,925937,58.3 %,99267,10.7%
Valmiki Nagar,1,GEN,Bihar [2000 Onwards],Satish Chandra Dubey,Bharatiya Janta Party,1456576,900114,61.8 %,117793,13.1%
Valsad,26,ST,Gujarat,Dr. K.C.Patel,Bharatiya Janta Party,1512061,1122203,74.2 %,208004,18.5%
Varanasi,77,GEN,Uttar Pradesh [2000 Onwards],Narendra Modi,Bharatiya Janta Party,1767486,1030685,58.3 %,371784,36.1%
Vellore,8,GEN,Tamil Nadu,Senguttuvan B.,All India Anna Dravida Munnetra Kazhagam,1312251,974770,74.3 %,59393,6.1%
Vidisha,18,GEN,Madhya Pradesh [2000 Onwards],Sushma Swaraj,Bharatiya Janta Party,1634370,1073473,65.7 %,410698,38.3%
Vijayawada,29,GEN,Andhra Pradesh [2014 Onwards],Kesineni Srinivas,Telugu Desam,1564513,1195075,76.4 %,74862,6.3%
Viluppuram,13,SC,Tamil Nadu,Rajendran S,All India Anna Dravida Munnetra Kazhagam,1387007,1067641,77.0 %,193367,18.1%
Virudhunagar,34,GEN,Tamil Nadu,Radhakrishnan T,All India Anna Dravida Munnetra Kazhagam,1350495,1010930,74.9 %,145551,14.4%
Visakhapatnam,21,GEN,Andhra Pradesh [2014 Onwards],Kambhampati Hari Babu,Bharatiya Janta Party,1723037,1163558,67.5 %,90488,7.8%
Vizianagaram,20,GEN,Andhra Pradesh [2014 Onwards],Ashok Gajapathi Raju Pusapati,Telugu Desam,1404127,1120316,79.8 %,106911,9.5%
Warangal,15,SC,Telangana,Kadiyam Srihari,Telangana Rashtra Samithi,1537781,1174631,76.4 %,392574,33.4%
Wardha,8,GEN,Maharashtra,Ramdas Chandrabhanji Tadas,Bharatiya Janta Party,1564553,1013445,64.8 %,215783,21.3%
Wayanad,4,GEN,Kerala,M I Shanavas,Indian National Congress,1249420,915006,73.2 %,20870,2.3%
West Delhi,6,GEN,Delhi [1977 Onwards],Parvesh Sahib Singh Verma,Bharatiya Janta Party,2039410,1347971,66.1 %,268586,19.9%
Yavatmal-Washim,14,GEN,Maharashtra,Gawali Bhavana Pundlikrao,Shiv Sena,1743498,1032949,59.3 %,93816,9.1%
Zahirabad,5,GEN,Telangana,B.B. Patil,Telangana Rashtra Samithi,1445246,1094806,75.8 %,144631,13.2%